requestIndex,payloadChars,rttNs
1,16,2514323
2,16,1937083
3,16,1233750
4,16,1018698
5,16,960886
6,16,1018489
7,16,1101407
8,16,925417
9,16,1292343
10,16,997083
11,16,1035208
12,16,925834
13,16,868855
14,16,1468073
15,16,955782
16,16,955260
17,16,1324583
18,16,1146875
19,16,944375
20,16,868073
21,16,849479
22,16,962396
23,16,935573
24,16,905313
25,16,1129583
26,16,1027135
27,16,991093
28,16,938073
29,16,1047292
30,16,1041354
31,16,1425834
32,16,1069480
33,16,907448
34,16,947813
35,16,843281
36,16,900990
37,16,866979
38,16,986667
39,16,920573
40,16,988229
41,16,1291771
42,16,1922552
43,16,943854
44,16,967344
45,16,896771
46,16,1020104
47,16,849948
48,16,1247135
49,16,1296354
50,16,1003645
51,16,905677
52,16,846771
53,16,1061771
54,16,1460261
55,16,943958
56,16,915573
57,16,1719271
58,16,1037239
59,16,941615
60,16,934688
61,16,1011875
62,16,2527552
63,16,2890886
64,16,1806406
65,16,1075677
66,16,1308855
67,16,1423958
68,16,1453229
69,16,1019063
70,16,1039375
71,16,919844
72,16,945521
73,16,1100885
74,16,991979
75,16,1509115
76,16,1131510
77,16,1200208
78,16,1108802
79,16,1147605
80,16,1057917
81,16,1321927
82,16,1227448
83,16,1120573
84,16,1112396
85,16,1220886
86,16,1062760
87,16,1064011
88,16,1304635
89,16,1864740
90,16,1197552
91,16,1046303
92,16,1168021
93,16,1194531
94,16,1181823
95,16,1334271
96,16,1193229
97,16,1260521
98,16,1182604
99,16,1098750
100,16,1196615
101,16,1413021
102,16,1369166
103,16,1335209
104,16,1244167
105,16,1230834
106,16,1265364
107,16,1218334
108,16,1252708
109,16,1109896
110,16,1187032
111,16,1119427
112,16,1081041
113,16,1168906
114,16,1172865
115,16,1215000
116,16,1559635
117,16,1153489
118,16,1075677
119,16,1098333
120,16,1101198
121,16,1118906
122,16,1131511
123,16,1258542
124,16,1067239
125,16,1105781
126,16,1113229
127,16,1194062
128,16,1067083
129,16,1175156
130,16,1414063
131,16,1078594
132,16,1079583
133,16,1099635
134,16,1082448
135,16,1177344
136,16,1109375
137,16,1484271
138,16,1186563
139,16,991770
140,16,965781
141,16,1131615
142,16,1012084
143,16,1368437
144,16,1556406
145,16,1069531
146,16,1047136
147,16,1050625
148,16,1006146
149,16,1022396
150,16,1060469
151,16,1581562
152,16,1133593
153,16,1080885
154,16,1010989
155,16,987344
156,16,1007760
157,16,1292084
158,16,1335052
159,16,1066510
160,16,1075208
161,16,1093958
162,16,1080261
163,16,969010
164,16,1371666
165,16,3031563
166,16,10674375
167,16,1126823
168,16,1238177
169,16,2192135
170,16,1312083
171,16,1081875
172,16,965053
173,16,1607917
174,16,2645052
175,16,1710989
176,16,1211875
177,16,1174584
178,16,1058646
179,16,914480
180,16,3639532
181,16,1099896
182,16,733854
183,16,666094
184,16,625052
185,16,624063
186,16,635312
187,16,641302
188,16,653698
189,16,625625
190,16,643021
191,16,606615
192,16,656459
193,16,630885
194,16,646511
195,16,649635
196,16,633750
197,16,639115
198,16,639584
199,16,748750
200,16,653073
201,16,658230
202,16,615052
203,16,634635
204,16,608073
205,16,649375
206,16,648229
207,16,703594
208,16,711719
209,16,646094
210,16,634219
211,16,673073
212,16,711979
213,16,668646
214,16,660886
215,16,659636
216,16,673958
217,16,652865
218,16,899687
219,16,863802
220,16,1283073
221,16,1170313
222,16,839010
223,16,1210052
224,16,1205573
225,16,1284063
226,16,1146458
227,16,1150000
228,16,1631146
229,16,867240
230,16,1328386
231,16,1218437
232,16,1294687
233,16,1071146
234,16,1182917
235,16,1152448
236,16,1138490
237,16,1114063
238,16,1167343
239,16,1157812
240,16,1131406
241,16,1176927
242,16,1227343
243,16,1135105
244,16,1138333
245,16,1092604
246,16,1034427
247,16,1168542
248,16,1110677
249,16,1243542
250,16,1015625
251,16,1000729
252,16,930521
253,16,1044948
254,16,1001563
255,16,993906
256,16,1049583
257,16,1159063
258,16,1236719
259,16,1135469
260,16,1171041
261,16,1081250
262,16,1036302
263,16,1012500
264,16,1006094
265,16,878958
266,16,850469
267,16,862552
268,16,860677
269,16,842344
270,16,883125
271,16,901927
272,16,886927
273,16,1013698
274,16,959167
275,16,894323
276,16,835989
277,16,973646
278,16,821927
279,16,841094
280,16,827708
281,16,890521
282,16,869427
283,16,880885
284,16,833802
285,16,852917
286,16,887188
287,16,848593
288,16,855677
289,16,847187
290,16,1356198
291,16,2826979
292,16,1061563
293,16,1216927
294,16,1271927
295,16,1017552
296,16,995781
297,16,924635
298,16,947396
299,16,850104
300,16,940781
301,16,822760
302,16,829844
303,16,1033282
304,16,1085209
305,16,973021
306,16,994844
307,16,1086302
308,16,1057136
309,16,908958
310,16,876354
311,16,969167
312,16,1013542
313,16,897031
314,16,936094
315,16,939948
316,16,909427
317,16,984583
318,16,900729
319,16,929792
320,16,1035886
321,16,991458
322,16,923958
323,16,962396
324,16,888959
325,16,948177
326,16,901511
327,16,1146562
328,16,1070573
329,16,1028646
330,16,930937
331,16,864479
332,16,974323
333,16,991719
334,16,911146
335,16,925937
336,16,948541
337,16,983906
338,16,913542
339,16,898334
340,16,921511
341,16,837500
342,16,880052
343,16,849584
344,16,846615
345,16,839792
346,16,962187
347,16,958750
348,16,901823
349,16,888646
350,16,823490
351,16,1007865
352,16,866042
353,16,892136
354,16,895781
355,16,1122760
356,16,975885
357,16,1010573
358,16,982500
359,16,1088072
360,16,1020886
361,16,1012760
362,16,1148437
363,16,1280573
364,16,1233073
365,16,1202395
366,16,1355313
367,16,1282500
368,16,1108229
369,16,1253959
370,16,1294740
371,16,1267969
372,16,1658438
373,16,1323177
374,16,1295104
375,16,1764844
376,16,1594947
377,16,1612552
378,16,1690625
379,16,1708437
380,16,1775156
381,16,1781198
382,16,2069636
383,16,2095208
384,16,2123385
385,16,1990990
386,16,2361823
387,16,2444531
388,16,2540104
389,16,2607864
390,16,2727760
391,16,2782500
392,16,2612656
393,16,2621146
394,16,1625053
395,16,1652031
396,16,1579792
397,16,1406041
398,16,1493229
399,16,1361875
400,16,1313698
401,16,1543333
402,16,1433073
403,16,1321145
404,16,1375521
405,16,1495417
406,16,1405521
407,16,1351406
408,16,1431771
409,16,1486407
410,16,1495416
411,16,1383333
412,16,1371927
413,16,1393750
414,16,1300052
415,16,1327240
416,16,1296823
417,16,1214636
418,16,1180886
419,16,1309531
420,16,1320937
421,16,1579636
422,16,1070990
423,16,968125
424,16,1006094
425,16,991354
426,16,1100260
427,16,1102240
428,16,1054375
429,16,1060990
430,16,941042
431,16,955365
432,16,934271
433,16,982864
434,16,1056406
435,16,937812
436,16,941406
437,16,986146
438,16,1137500
439,16,1014844
440,16,939948
441,16,936510
442,16,955156
443,16,844687
444,16,945781
445,16,903177
446,16,862031
447,16,940885
448,16,896979
449,16,873437
450,16,934167
451,16,859635
452,16,875521
453,16,855209
454,16,948958
455,16,926406
456,16,883750
457,16,879583
458,16,913594
459,16,964895
460,16,882448
461,16,890260
462,16,867187
463,16,893281
464,16,967553
465,16,1171302
466,16,1130781
467,16,1184219
468,16,1124792
469,16,1011094
470,16,896093
471,16,929896
472,16,918073
473,16,895000
474,16,904896
475,16,894115
476,16,932604
477,16,936927
478,16,899062
479,16,990937
480,16,1128646
481,16,961719
482,16,939479
483,16,906511
484,16,920937
485,16,923438
486,16,945260
487,16,850260
488,16,951198
489,16,892500
490,16,884740
491,16,880521
492,16,878334
493,16,1013698
494,16,919531
495,16,889167
496,16,986719
497,16,903125
498,16,853802
499,16,846250
500,16,854896
501,16,911823
502,16,1027031
503,16,902917
504,16,884114
505,16,935469
506,16,952136
507,16,981197
508,16,954895
509,16,912240
510,16,1006302
511,16,1002188
512,16,917187
513,16,936303
514,16,984166
515,16,944636
516,16,972396
517,16,936459
518,16,1050885
519,16,960521
520,16,951354
521,16,928178
522,16,1109583
523,16,939271
524,16,985156
525,16,962083
526,16,1046615
527,16,1007760
528,16,903386
529,16,1050730
530,16,1080000
531,16,918385
532,16,972136
533,16,962032
534,16,974635
535,16,1043438
536,16,960364
537,16,929167
538,16,978750
539,16,1035990
540,16,924427
541,16,958750
542,16,980937
543,16,1044532
544,16,916250
545,16,905052
546,16,1046823
547,16,1067135
548,16,1161146
549,16,1025000
550,16,941459
551,16,1052709
552,16,937552
553,16,930469
554,16,1069687
555,16,1001042
556,16,916198
557,16,922760
558,16,925052
559,16,921823
560,16,973230
561,16,940521
562,16,920156
563,16,1005260
564,16,970625
565,16,925261
566,16,972188
567,16,964792
568,16,981563
569,16,921510
570,16,939218
571,16,1045990
572,16,976875
573,16,932292
574,16,946406
575,16,969427
576,16,1010886
577,16,924219
578,16,922187
579,16,945938
580,16,952448
581,16,980729
582,16,923020
583,16,963334
584,16,1042344
585,16,969323
586,16,894896
587,16,969062
588,16,951667
589,16,985937
590,16,944531
591,16,964896
592,16,957292
593,16,926406
594,16,925208
595,16,937969
596,16,945417
597,16,919114
598,16,941718
599,16,854115
600,16,876719
601,16,929792
602,16,933959
603,16,912291
604,16,931511
605,16,938802
606,16,953490
607,16,910573
608,16,916250
609,16,935729
610,16,981094
611,16,978021
612,16,933854
613,16,955782
614,16,1001979
615,16,989271
616,16,960833
617,16,954323
618,16,1042656
619,16,949375
620,16,974896
621,16,1003698
622,16,936511
623,16,924584
624,16,892344
625,16,875521
626,16,1021615
627,16,901406
628,16,895052
629,16,897239
630,16,1009375
631,16,957083
632,16,941979
633,16,1216979
634,16,954583
635,16,968750
636,16,986719
637,16,990625
638,16,1049323
639,16,1104271
640,16,1024062
641,16,947552
642,16,1012708
643,16,912865
644,16,914062
645,16,911927
646,16,993959
647,16,950729
648,16,920313
649,16,1028438
650,16,1668906
651,16,891615
652,16,941302
653,16,899687
654,16,963854
655,16,925573
656,16,1115886
657,16,1022865
658,16,1222656
659,16,1203125
660,16,1104010
661,16,1156458
662,16,912657
663,16,922031
664,16,928542
665,16,891094
666,16,932761
667,16,865000
668,16,848177
669,16,840157
670,16,919584
671,16,864166
672,16,939688
673,16,880104
674,16,999323
675,16,1087396
676,16,959479
677,16,881458
678,16,921510
679,16,886303
680,16,870625
681,16,805677
682,16,855729
683,16,889271
684,16,820156
685,16,847396
686,16,929427
687,16,912500
688,16,968125
689,16,929271
690,16,933646
691,16,867604
692,16,950729
693,16,972084
694,16,905677
695,16,897656
696,16,994740
697,16,854479
698,16,880937
699,16,915000
700,16,977865
701,16,1007969
702,16,937344
703,16,912344
704,16,934480
705,16,943698
706,16,898281
707,16,1140105
708,16,1160469
709,16,1061979
710,16,831771
711,16,867500
712,16,875781
713,16,881093
714,16,822864
715,16,828021
716,16,796615
717,16,817135
718,16,886771
719,16,918646
720,16,887292
721,16,795833
722,16,805209
723,16,825677
724,16,819115
725,16,846093
726,16,794531
727,16,808177
728,16,884011
729,16,791406
730,16,873229
731,16,840989
732,16,969792
733,16,895052
734,16,758230
735,16,768177
736,16,760990
737,16,812396
738,16,733177
739,16,766771
740,16,788281
741,16,829010
742,16,850209
743,16,805000
744,16,787135
745,16,777136
746,16,779479
747,16,812969
748,16,876667
749,16,867344
750,16,850573
751,16,964479
752,16,852812
753,16,974063
754,16,1075157
755,16,986354
756,16,1006145
757,16,860730
758,16,896719
759,16,876302
760,16,881302
761,16,805469
762,16,780521
763,16,836615
764,16,818594
765,16,934271
766,16,851511
767,16,852239
768,16,833125
769,16,826875
770,16,883958
771,16,826667
772,16,841771
773,16,784218
774,16,857812
775,16,876146
776,16,794688
777,16,849688
778,16,793906
779,16,905157
780,16,819583
781,16,798073
782,16,805208
783,16,900312
784,16,862031
785,16,804843
786,16,783698
787,16,811146
788,16,827343
789,16,962916
790,16,925989
791,16,852136
792,16,846094
793,16,898802
794,16,997864
795,16,937396
796,16,953386
797,16,918594
798,16,876250
799,16,807292
800,16,830677
801,16,818802
802,16,990417
803,16,966198
804,16,848958
805,16,892604
806,16,911145
807,16,857448
808,16,837657
809,16,846927
810,16,892083
811,16,820937
812,16,976094
813,16,785885
814,16,815677
815,16,947292
816,16,894636
817,16,865469
818,16,802865
819,16,898281
820,16,865573
821,16,982812
822,16,852657
823,16,866458
824,16,1003333
825,16,877500
826,16,841667
827,16,816979
828,16,836615
829,16,829687
830,16,829428
831,16,795469
832,16,791094
833,16,810260
834,16,792083
835,16,928021
836,16,826354
837,16,816771
838,16,846615
839,16,787812
840,16,912604
841,16,904583
842,16,826198
843,16,854480
844,16,906146
845,16,855208
846,16,843907
847,16,851822
848,16,869948
849,16,908906
850,16,874375
851,16,825104
852,16,782084
853,16,795417
854,16,834531
855,16,841510
856,16,813020
857,16,791927
858,16,894844
859,16,798489
860,16,762032
861,16,782240
862,16,748386
863,16,831145
864,16,817031
865,16,855000
866,16,849740
867,16,951667
868,16,857344
869,16,858229
870,16,872188
871,16,918281
872,16,860104
873,16,816146
874,16,828646
875,16,815417
876,16,836146
877,16,751666
878,16,917187
879,16,823125
880,16,805053
881,16,790104
882,16,897240
883,16,751094
884,16,838125
885,16,801615
886,16,841406
887,16,813750
888,16,768750
889,16,808073
890,16,921302
891,16,896771
892,16,882760
893,16,854740
894,16,787708
895,16,794636
896,16,771145
897,16,982344
898,16,932135
899,16,922916
900,16,868281
901,16,864688
902,16,831250
903,16,817396
904,16,787604
905,16,770312
906,16,800520
907,16,825886
908,16,793490
909,16,805469
910,16,951250
911,16,847240
912,16,817083
913,16,834219
914,16,804219
915,16,835990
916,16,895938
917,16,757135
918,16,810469
919,16,732396
920,16,834792
921,16,796718
922,16,747083
923,16,994583
924,16,988541
925,16,886719
926,16,846459
927,16,819323
928,16,851146
929,16,870156
930,16,821823
931,16,754115
932,16,852708
933,16,864688
934,16,785677
935,16,978021
936,16,918698
937,16,822396
938,16,766406
939,16,971407
940,16,823125
941,16,1112864
942,16,1730261
943,16,1092604
944,16,866042
945,16,1361980
946,16,1238125
947,16,872917
948,16,2146980
949,16,937864
950,16,835938
951,16,834531
952,16,863073
953,16,800104
954,16,846198
955,16,881614
956,16,914270
957,16,827136
958,16,871614
959,16,866823
960,16,969219
961,16,871459
962,16,906511
963,16,865052
964,16,759479
965,16,875521
966,16,766250
967,16,860625
968,16,1080000
969,16,878802
970,16,846250
971,16,783750
972,16,783958
973,16,719843
974,16,732761
975,16,756979
976,16,784584
977,16,810260
978,16,739636
979,16,724635
980,16,805677
981,16,802136
982,16,772395
983,16,762343
984,16,726875
985,16,729687
986,16,731771
987,16,721511
988,16,749843
989,16,700625
990,16,722344
991,16,715209
992,16,706823
993,16,719427
994,16,761510
995,16,700521
996,16,713073
997,16,741927
998,16,844011
999,16,792813
1000,16,759791
