kind,scenario,batch,mode,count,wallNs,cpuNs,beforeBytes,afterBytes,bytes,gc
TIME,immediate,0,legacy,50000,2067852239,2039445386,,,,
TIME,immediate,1,optimized,50000,1643428385,1621007562,,,,
TIME,immediate,2,optimized,50000,1538760677,1521759422,,,,
TIME,immediate,3,legacy,50000,1525690520,1510619554,,,,
ALLOC,immediate,0,legacy,50000,,,206671456,251530848,44859392,1
ALLOC,immediate,1,optimized,50000,,,251530848,293998176,42467328,2
ALLOC,immediate,2,optimized,50000,,,293998176,336481888,42483712,2
ALLOC,immediate,3,legacy,50000,,,336481888,381374048,44892160,2
TIME,parcel,0,legacy,50000,2130905780,2114226105,,,,
TIME,parcel,1,optimized,50000,2057266614,2041450531,,,,
TIME,parcel,2,optimized,50000,2035884531,2019315349,,,,
TIME,parcel,3,legacy,50000,2019451927,2003513375,,,,
ALLOC,parcel,0,legacy,50000,,,566054496,612519520,46465024,2
ALLOC,parcel,1,optimized,50000,,,612519520,656592480,44072960,2
ALLOC,parcel,2,optimized,50000,,,656592480,700649056,44056576,1
ALLOC,parcel,3,legacy,50000,,,700649056,747130464,46481408,2
