"name","severity","source","value"
"clock_sync_cache_miss","info","analysis",10
"compact_sched_switch_skipped","info","analysis",8
"compact_sched_waking_skipped","info","analysis",30
"ftrace_cpu_bytes_begin","info","trace",248
"ftrace_cpu_bytes_begin","info","trace",136
"ftrace_cpu_bytes_begin","info","trace",160
"ftrace_cpu_bytes_begin","info","trace",580
"ftrace_cpu_bytes_begin","info","trace",680
"ftrace_cpu_bytes_delta","info","trace",-248
"ftrace_cpu_bytes_delta","info","trace",-136
"ftrace_cpu_bytes_delta","info","trace",-160
"ftrace_cpu_bytes_delta","info","trace",-580
"ftrace_cpu_bytes_delta","info","trace",-680
"ftrace_cpu_entries_begin","info","trace",6
"ftrace_cpu_entries_begin","info","trace",2
"ftrace_cpu_entries_begin","info","trace",4
"ftrace_cpu_entries_begin","info","trace",13
"ftrace_cpu_entries_begin","info","trace",14
"ftrace_cpu_entries_delta","info","trace",-6
"ftrace_cpu_entries_delta","info","trace",-2
"ftrace_cpu_entries_delta","info","trace",-4
"ftrace_cpu_entries_delta","info","trace",-13
"ftrace_cpu_entries_delta","info","trace",-14
"ftrace_cpu_now_ts_begin","info","trace",813409810006000
"ftrace_cpu_now_ts_begin","info","trace",813409810022000
"ftrace_cpu_now_ts_begin","info","trace",813409810031000
"ftrace_cpu_now_ts_begin","info","trace",813409810041000
"ftrace_cpu_now_ts_begin","info","trace",813409810049000
"ftrace_cpu_now_ts_begin","info","trace",813409810059000
"ftrace_cpu_now_ts_begin","info","trace",813409810067000
"ftrace_cpu_now_ts_begin","info","trace",813409810076000
"ftrace_cpu_now_ts_end","info","trace",813429786739000
"ftrace_cpu_now_ts_end","info","trace",813429786840000
"ftrace_cpu_now_ts_end","info","trace",813429786902000
"ftrace_cpu_now_ts_end","info","trace",813429786962000
"ftrace_cpu_now_ts_end","info","trace",813429787017000
"ftrace_cpu_now_ts_end","info","trace",813429787068000
"ftrace_cpu_now_ts_end","info","trace",813429787121000
"ftrace_cpu_now_ts_end","info","trace",813429787176000
"ftrace_cpu_oldest_event_ts_begin","info","trace",813369000924000
"ftrace_cpu_oldest_event_ts_begin","info","trace",813409809888000
"ftrace_cpu_oldest_event_ts_begin","info","trace",813409809822000
"ftrace_cpu_oldest_event_ts_begin","info","trace",813363299415000
"ftrace_cpu_oldest_event_ts_begin","info","trace",813409809592000
"ftrace_cpu_oldest_event_ts_begin","info","trace",813368621642000
"ftrace_cpu_oldest_event_ts_begin","info","trace",813409809612000
"ftrace_cpu_oldest_event_ts_begin","info","trace",813409809691000
"ftrace_cpu_oldest_event_ts_end","info","trace",813429784100000
"ftrace_cpu_oldest_event_ts_end","info","trace",813429685150000
"ftrace_cpu_oldest_event_ts_end","info","trace",813426009546000
"ftrace_cpu_oldest_event_ts_end","info","trace",813428074193000
"ftrace_cpu_oldest_event_ts_end","info","trace",813426943670000
"ftrace_cpu_oldest_event_ts_end","info","trace",813429609660000
"ftrace_cpu_oldest_event_ts_end","info","trace",813429684297000
"ftrace_cpu_oldest_event_ts_end","info","trace",813422344915000
"ftrace_cpu_read_events_delta","info","trace",106664
"ftrace_cpu_read_events_delta","info","trace",64789
"ftrace_cpu_read_events_delta","info","trace",42683
"ftrace_cpu_read_events_delta","info","trace",64152
"ftrace_cpu_read_events_delta","info","trace",52079
"ftrace_cpu_read_events_delta","info","trace",51000
"ftrace_cpu_read_events_delta","info","trace",73414
"ftrace_cpu_read_events_delta","info","trace",55902
"ftrace_cpu_read_events_end","info","trace",106664
"ftrace_cpu_read_events_end","info","trace",64789
"ftrace_cpu_read_events_end","info","trace",42683
"ftrace_cpu_read_events_end","info","trace",64152
"ftrace_cpu_read_events_end","info","trace",52079
"ftrace_cpu_read_events_end","info","trace",51000
"ftrace_cpu_read_events_end","info","trace",73414
"ftrace_cpu_read_events_end","info","trace",55902
"guess_trace_type_duration_ns","info","analysis",931500
"parse_trace_duration_ns","info","analysis",89373200
"traced_buf_buffer_size","info","trace",33554432
"traced_buf_bytes_read","info","trace",16318464
"traced_buf_bytes_written","info","trace",16318464
"traced_buf_chunks_read","info","trace",498
"traced_buf_chunks_written","info","trace",498
"traced_buf_patches_succeeded","info","trace",1002
"traced_buf_readaheads_succeeded","info","trace",296
"traced_chunks_discarded","info","trace",1
"traced_data_sources_registered","info","trace",108
"traced_data_sources_seen","info","trace",14
"traced_final_flush_succeeded","info","trace",1
"traced_flushes_requested","info","trace",21
"traced_flushes_succeeded","info","trace",21
"traced_producers_connected","info","trace",38
"traced_producers_seen","info","trace",599
"traced_total_buffers","info","trace",1
"traced_tracing_sessions","info","trace",1
