"id","ts","clock_id","clock_name","clock_value","snapshot_id","machine_id"
3,813349050136776,1,"REALTIME",1791510471815533289,0,0
1,813349050136776,2,"REALTIME_COARSE",1791510471812959071,0,0
4,813349050136776,3,"MONOTONIC",184902450047902,0,0
2,813349050136776,4,"MONOTONIC_COARSE",184902447473631,0,0
5,813349050136776,5,"MONOTONIC_RAW",184902450047954,0,0
0,813349050136776,6,"BOOTTIME",813349050136776,0,0
9,813349050143599,1,"REALTIME",1791510471815540112,1,0
7,813349050143599,2,"REALTIME_COARSE",1791510471812959071,1,0
10,813349050143599,3,"MONOTONIC",184902450054724,1,0
8,813349050143599,4,"MONOTONIC_COARSE",184902447473631,1,0
11,813349050143599,5,"MONOTONIC_RAW",184902450054777,1,0
6,813349050143599,6,"BOOTTIME",813349050143599,1,0
