"name","idx","severity","source","value"
"android_aflags_errors","[NULL]","error","trace",0
"android_br_parse_errors","[NULL]","error","trace",0
"android_input_event_parse_errors","[NULL]","info","analysis",0
"android_log_format_invalid","[NULL]","error","trace",0
"android_log_num_failed","[NULL]","error","trace",0
"android_log_num_skipped","[NULL]","info","trace",0
"android_log_num_total","[NULL]","info","trace",0
"android_video_codec_error","[NULL]","error","trace",0
"android_video_display_gone","[NULL]","error","trace",0
"android_video_display_not_found","[NULL]","error","trace",0
"android_video_encoder_setup_failed","[NULL]","error","trace",0
"android_video_no_encoder","[NULL]","error","trace",0
"android_video_parse_size_cap_hit","[NULL]","data_loss","trace",0
"android_video_size_cap_hit","[NULL]","data_loss","trace",0
"android_video_virtual_display_failed","[NULL]","error","trace",0
"app_wakelock_parse_error","[NULL]","error","analysis",0
"app_wakelock_unknown_id","[NULL]","error","analysis",0
"atom_timestamp_missing","[NULL]","error","trace",0
"atom_unknown","[NULL]","info","analysis",0
"clock_sync_cache_miss","[NULL]","info","analysis",10
"clock_sync_failure","[NULL]","error","analysis",0
"clock_sync_failure_no_path","[NULL]","error","analysis",0
"clock_sync_failure_undeferrable_packet_loss","[NULL]","data_loss","analysis",0
"clock_sync_failure_unknown_source_clock","[NULL]","error","analysis",0
"clock_sync_failure_unknown_target_clock","[NULL]","error","analysis",0
"clock_sync_mixed_clock_sources","[NULL]","error","analysis",0
"clock_sync_unrelatable_clock_domains","[NULL]","error","analysis",0
"compact_sched_has_parse_errors","[NULL]","error","trace",0
"compact_sched_switch_skipped","[NULL]","info","analysis",8
"compact_sched_waking_skipped","[NULL]","info","analysis",8
"concurrent_session_event_unknown_state","[NULL]","error","analysis",0
"config_write_into_file_no_flush","[NULL]","error","trace",0
"cpu_info_empty","[NULL]","error","analysis",0
"cpu_info_unknown_cpu_features","[NULL]","info","analysis",0
"deobfuscate_location_parse_error","[NULL]","error","analysis",0
"empty_chrome_metadata","[NULL]","error","trace",0
"energy_breakdown_missing_values","[NULL]","error","analysis",0
"energy_descriptor_invalid","[NULL]","error","analysis",0
"energy_uid_breakdown_missing_values","[NULL]","error","analysis",0
"entity_state_descriptor_invalid","[NULL]","error","analysis",0
"entity_state_residency_invalid","[NULL]","error","analysis",0
"entity_state_residency_lookup_failed","[NULL]","error","analysis",0
"etm_no_importer","[NULL]","error","analysis",0
"extra_parsing_descriptors_error","[NULL]","error","analysis",0
"filter_errors","[NULL]","error","trace",0
"filter_input_bytes","[NULL]","info","trace",0
"filter_input_packets","[NULL]","info","trace",0
"filter_output_bytes","[NULL]","info","trace",0
"filter_time_taken_ns","[NULL]","info","trace",0
"flow_duplicate_id","[NULL]","error","trace",0
"flow_end_without_start","[NULL]","info","trace",0
"flow_invalid_id","[NULL]","error","trace",0
"flow_no_enclosing_slice","[NULL]","error","trace",0
"flow_step_without_start","[NULL]","info","trace",0
"flow_without_direction","[NULL]","error","trace",0
"frame_timeline_event_parser_errors","[NULL]","info","analysis",0
"frame_timeline_unpaired_end_event","[NULL]","info","analysis",0
"ftrace_abi_errors_skipped_zero_data_length","[NULL]","info","analysis",0
"ftrace_bundle_tokenizer_errors","[NULL]","error","analysis",0
"ftrace_cpu_bytes_begin",0,"info","trace",0
"ftrace_cpu_bytes_begin",1,"info","trace",0
"ftrace_cpu_bytes_begin",2,"info","trace",256
"ftrace_cpu_bytes_begin",3,"info","trace",160
"ftrace_cpu_bytes_begin",4,"info","trace",0
"ftrace_cpu_bytes_begin",5,"info","trace",176
"ftrace_cpu_bytes_begin",6,"info","trace",400
"ftrace_cpu_bytes_begin",7,"info","trace",568
"ftrace_cpu_bytes_delta",0,"info","trace",0
"ftrace_cpu_bytes_delta",1,"info","trace",0
"ftrace_cpu_bytes_delta",2,"info","trace",-256
"ftrace_cpu_bytes_delta",3,"info","trace",-160
"ftrace_cpu_bytes_delta",4,"info","trace",0
"ftrace_cpu_bytes_delta",5,"info","trace",-176
"ftrace_cpu_bytes_delta",6,"info","trace",-400
"ftrace_cpu_bytes_delta",7,"info","trace",-568
"ftrace_cpu_bytes_end",0,"info","trace",0
"ftrace_cpu_bytes_end",1,"info","trace",0
"ftrace_cpu_bytes_end",2,"info","trace",0
"ftrace_cpu_bytes_end",3,"info","trace",0
"ftrace_cpu_bytes_end",4,"info","trace",0
"ftrace_cpu_bytes_end",5,"info","trace",0
"ftrace_cpu_bytes_end",6,"info","trace",0
"ftrace_cpu_bytes_end",7,"info","trace",0
"ftrace_cpu_commit_overrun_begin",0,"info","trace",0
"ftrace_cpu_commit_overrun_begin",1,"info","trace",0
"ftrace_cpu_commit_overrun_begin",2,"info","trace",0
"ftrace_cpu_commit_overrun_begin",3,"info","trace",0
"ftrace_cpu_commit_overrun_begin",4,"info","trace",0
"ftrace_cpu_commit_overrun_begin",5,"info","trace",0
"ftrace_cpu_commit_overrun_begin",6,"info","trace",0
"ftrace_cpu_commit_overrun_begin",7,"info","trace",0
"ftrace_cpu_commit_overrun_delta",0,"error","trace",0
"ftrace_cpu_commit_overrun_delta",1,"error","trace",0
"ftrace_cpu_commit_overrun_delta",2,"error","trace",0
"ftrace_cpu_commit_overrun_delta",3,"error","trace",0
"ftrace_cpu_commit_overrun_delta",4,"error","trace",0
"ftrace_cpu_commit_overrun_delta",5,"error","trace",0
"ftrace_cpu_commit_overrun_delta",6,"error","trace",0
"ftrace_cpu_commit_overrun_delta",7,"error","trace",0
"ftrace_cpu_commit_overrun_end",0,"info","trace",0
"ftrace_cpu_commit_overrun_end",1,"info","trace",0
"ftrace_cpu_commit_overrun_end",2,"info","trace",0
"ftrace_cpu_commit_overrun_end",3,"info","trace",0
"ftrace_cpu_commit_overrun_end",4,"info","trace",0
"ftrace_cpu_commit_overrun_end",5,"info","trace",0
"ftrace_cpu_commit_overrun_end",6,"info","trace",0
"ftrace_cpu_commit_overrun_end",7,"info","trace",0
"ftrace_cpu_dropped_events_begin",0,"info","trace",0
"ftrace_cpu_dropped_events_begin",1,"info","trace",0
"ftrace_cpu_dropped_events_begin",2,"info","trace",0
"ftrace_cpu_dropped_events_begin",3,"info","trace",0
"ftrace_cpu_dropped_events_begin",4,"info","trace",0
"ftrace_cpu_dropped_events_begin",5,"info","trace",0
"ftrace_cpu_dropped_events_begin",6,"info","trace",0
"ftrace_cpu_dropped_events_begin",7,"info","trace",0
"ftrace_cpu_dropped_events_delta",0,"error","trace",0
"ftrace_cpu_dropped_events_delta",1,"error","trace",0
"ftrace_cpu_dropped_events_delta",2,"error","trace",0
"ftrace_cpu_dropped_events_delta",3,"error","trace",0
"ftrace_cpu_dropped_events_delta",4,"error","trace",0
"ftrace_cpu_dropped_events_delta",5,"error","trace",0
"ftrace_cpu_dropped_events_delta",6,"error","trace",0
"ftrace_cpu_dropped_events_delta",7,"error","trace",0
"ftrace_cpu_dropped_events_end",0,"info","trace",0
"ftrace_cpu_dropped_events_end",1,"info","trace",0
"ftrace_cpu_dropped_events_end",2,"info","trace",0
"ftrace_cpu_dropped_events_end",3,"info","trace",0
"ftrace_cpu_dropped_events_end",4,"info","trace",0
"ftrace_cpu_dropped_events_end",5,"info","trace",0
"ftrace_cpu_dropped_events_end",6,"info","trace",0
"ftrace_cpu_dropped_events_end",7,"info","trace",0
"ftrace_cpu_entries_begin",0,"info","trace",0
"ftrace_cpu_entries_begin",1,"info","trace",0
"ftrace_cpu_entries_begin",2,"info","trace",6
"ftrace_cpu_entries_begin",3,"info","trace",4
"ftrace_cpu_entries_begin",4,"info","trace",0
"ftrace_cpu_entries_begin",5,"info","trace",4
"ftrace_cpu_entries_begin",6,"info","trace",9
"ftrace_cpu_entries_begin",7,"info","trace",13
"ftrace_cpu_entries_delta",0,"info","trace",0
"ftrace_cpu_entries_delta",1,"info","trace",0
"ftrace_cpu_entries_delta",2,"info","trace",-6
"ftrace_cpu_entries_delta",3,"info","trace",-4
"ftrace_cpu_entries_delta",4,"info","trace",0
"ftrace_cpu_entries_delta",5,"info","trace",-4
"ftrace_cpu_entries_delta",6,"info","trace",-9
"ftrace_cpu_entries_delta",7,"info","trace",-13
"ftrace_cpu_entries_end",0,"info","trace",0
"ftrace_cpu_entries_end",1,"info","trace",0
"ftrace_cpu_entries_end",2,"info","trace",0
"ftrace_cpu_entries_end",3,"info","trace",0
"ftrace_cpu_entries_end",4,"info","trace",0
"ftrace_cpu_entries_end",5,"info","trace",0
"ftrace_cpu_entries_end",6,"info","trace",0
"ftrace_cpu_entries_end",7,"info","trace",0
"ftrace_cpu_now_ts_begin",0,"info","trace",813349075483000
"ftrace_cpu_now_ts_begin",1,"info","trace",813349075498000
"ftrace_cpu_now_ts_begin",2,"info","trace",813349075508000
"ftrace_cpu_now_ts_begin",3,"info","trace",813349075516000
"ftrace_cpu_now_ts_begin",4,"info","trace",813349075525000
"ftrace_cpu_now_ts_begin",5,"info","trace",813349075533000
"ftrace_cpu_now_ts_begin",6,"info","trace",813349075542000
"ftrace_cpu_now_ts_begin",7,"info","trace",813349075550000
"ftrace_cpu_now_ts_end",0,"info","trace",813369055184000
"ftrace_cpu_now_ts_end",1,"info","trace",813369055320000
"ftrace_cpu_now_ts_end",2,"info","trace",813369055401000
"ftrace_cpu_now_ts_end",3,"info","trace",813369055480000
"ftrace_cpu_now_ts_end",4,"info","trace",813369055561000
"ftrace_cpu_now_ts_end",5,"info","trace",813369055637000
"ftrace_cpu_now_ts_end",6,"info","trace",813369055718000
"ftrace_cpu_now_ts_end",7,"info","trace",813369055802000
"ftrace_cpu_oldest_event_ts_begin",0,"info","trace",812304101174000
"ftrace_cpu_oldest_event_ts_begin",1,"info","trace",812303924580000
"ftrace_cpu_oldest_event_ts_begin",2,"info","trace",813349075228000
"ftrace_cpu_oldest_event_ts_begin",3,"info","trace",813349075080000
"ftrace_cpu_oldest_event_ts_begin",4,"info","trace",812299876552000
"ftrace_cpu_oldest_event_ts_begin",5,"info","trace",813349075274000
"ftrace_cpu_oldest_event_ts_begin",6,"info","trace",813349075109000
"ftrace_cpu_oldest_event_ts_begin",7,"info","trace",813349075174000
"ftrace_cpu_oldest_event_ts_end",0,"info","trace",813369014600000
"ftrace_cpu_oldest_event_ts_end",1,"info","trace",813369012985000
"ftrace_cpu_oldest_event_ts_end",2,"info","trace",813366309121000
"ftrace_cpu_oldest_event_ts_end",3,"info","trace",813366552941000
"ftrace_cpu_oldest_event_ts_end",4,"info","trace",813366058025000
"ftrace_cpu_oldest_event_ts_end",5,"info","trace",813368910650000
"ftrace_cpu_oldest_event_ts_end",6,"info","trace",813368907071000
"ftrace_cpu_oldest_event_ts_end",7,"info","trace",813363343458000
"ftrace_cpu_overrun_begin",0,"info","trace",0
"ftrace_cpu_overrun_begin",1,"info","trace",0
"ftrace_cpu_overrun_begin",2,"info","trace",0
"ftrace_cpu_overrun_begin",3,"info","trace",0
"ftrace_cpu_overrun_begin",4,"info","trace",0
"ftrace_cpu_overrun_begin",5,"info","trace",0
"ftrace_cpu_overrun_begin",6,"info","trace",0
"ftrace_cpu_overrun_begin",7,"info","trace",0
"ftrace_cpu_overrun_delta",0,"info","trace",0
"ftrace_cpu_overrun_delta",1,"info","trace",0
"ftrace_cpu_overrun_delta",2,"info","trace",0
"ftrace_cpu_overrun_delta",3,"info","trace",0
"ftrace_cpu_overrun_delta",4,"info","trace",0
"ftrace_cpu_overrun_delta",5,"info","trace",0
"ftrace_cpu_overrun_delta",6,"info","trace",0
"ftrace_cpu_overrun_delta",7,"info","trace",0
"ftrace_cpu_overrun_end",0,"info","trace",0
"ftrace_cpu_overrun_end",1,"info","trace",0
"ftrace_cpu_overrun_end",2,"info","trace",0
"ftrace_cpu_overrun_end",3,"info","trace",0
"ftrace_cpu_overrun_end",4,"info","trace",0
"ftrace_cpu_overrun_end",5,"info","trace",0
"ftrace_cpu_overrun_end",6,"info","trace",0
"ftrace_cpu_overrun_end",7,"info","trace",0
"ftrace_cpu_read_events_begin",0,"info","trace",0
"ftrace_cpu_read_events_begin",1,"info","trace",0
"ftrace_cpu_read_events_begin",2,"info","trace",0
"ftrace_cpu_read_events_begin",3,"info","trace",0
"ftrace_cpu_read_events_begin",4,"info","trace",0
"ftrace_cpu_read_events_begin",5,"info","trace",0
"ftrace_cpu_read_events_begin",6,"info","trace",0
"ftrace_cpu_read_events_begin",7,"info","trace",0
"ftrace_cpu_read_events_delta",0,"info","trace",94217
"ftrace_cpu_read_events_delta",1,"info","trace",57762
"ftrace_cpu_read_events_delta",2,"info","trace",30301
"ftrace_cpu_read_events_delta",3,"info","trace",65476
"ftrace_cpu_read_events_delta",4,"info","trace",52499
"ftrace_cpu_read_events_delta",5,"info","trace",39628
"ftrace_cpu_read_events_delta",6,"info","trace",52003
"ftrace_cpu_read_events_delta",7,"info","trace",78611
"ftrace_cpu_read_events_end",0,"info","trace",94217
"ftrace_cpu_read_events_end",1,"info","trace",57762
"ftrace_cpu_read_events_end",2,"info","trace",30301
"ftrace_cpu_read_events_end",3,"info","trace",65476
"ftrace_cpu_read_events_end",4,"info","trace",52499
"ftrace_cpu_read_events_end",5,"info","trace",39628
"ftrace_cpu_read_events_end",6,"info","trace",52003
"ftrace_cpu_read_events_end",7,"info","trace",78611
"ftrace_generic_descriptor_errors","[NULL]","error","analysis",0
"ftrace_kprobe_hits_begin","[NULL]","info","trace",0
"ftrace_kprobe_hits_delta","[NULL]","info","trace",0
"ftrace_kprobe_hits_end","[NULL]","info","trace",0
"ftrace_kprobe_misses_begin","[NULL]","info","trace",0
"ftrace_kprobe_misses_delta","[NULL]","data_loss","trace",0
"ftrace_kprobe_misses_end","[NULL]","info","trace",0
"ftrace_missing_event_id","[NULL]","info","analysis",0
"ftrace_packet_before_tracing_start","[NULL]","info","analysis",0
"ftrace_setup_errors","[NULL]","notice","trace",0
"ftrace_thermal_exynos_acpm_unknown_tz_id","[NULL]","error","analysis",0
"fuchsia_invalid_event","[NULL]","error","analysis",0
"fuchsia_invalid_event_arg_name","[NULL]","error","analysis",0
"fuchsia_invalid_event_arg_type","[NULL]","error","analysis",0
"fuchsia_invalid_string_ref","[NULL]","error","analysis",0
"fuchsia_non_numeric_counters","[NULL]","error","analysis",0
"fuchsia_record_read_error","[NULL]","error","analysis",0
"fuchsia_timestamp_overflow","[NULL]","error","analysis",0
"fuchsia_unknown_event_arg","[NULL]","error","analysis",0
"game_intervention_has_parse_errors","[NULL]","error","trace",0
"game_intervention_has_read_errors","[NULL]","error","trace",0
"generic_task_state_invalid_order","[NULL]","error","analysis",0
"gpu_counters_invalid_spec","[NULL]","error","analysis",0
"gpu_counters_missing_spec","[NULL]","error","analysis",0
"gpu_counters_missing_timestamp","[NULL]","error","trace",0
"gpu_render_stage_parser_errors","[NULL]","error","analysis",0
"gpu_work_period_negative_duration","[NULL]","error","analysis",0
"graphics_frame_event_parser_errors","[NULL]","info","analysis",0
"guess_trace_type_duration_ns","[NULL]","info","analysis",948000
"heap_graph_non_finalized_graph","[NULL]","data_loss","trace",0
"heapprofd_missing_packet","[NULL]","error","trace",0
"heapprofd_non_finalized_profile","[NULL]","error","trace",0
"hprof_class_counter","[NULL]","info","analysis",0
"hprof_class_errors","[NULL]","error","analysis",0
"hprof_field_value_errors","[NULL]","error","analysis",0
"hprof_header_errors","[NULL]","error","analysis",0
"hprof_heap_dump_counter","[NULL]","info","analysis",0
"hprof_heap_dump_errors","[NULL]","error","analysis",0
"hprof_instance_counter","[NULL]","info","analysis",0
"hprof_object_array_counter","[NULL]","info","analysis",0
"hprof_primitive_array_counter","[NULL]","info","analysis",0
"hprof_primitive_array_parsing_errors","[NULL]","error","analysis",0
"hprof_record_counter","[NULL]","info","analysis",0
"hprof_reference_counter","[NULL]","info","analysis",0
"hprof_reference_errors","[NULL]","error","analysis",0
"hprof_root_counter","[NULL]","info","analysis",0
"hprof_segment_overshoot_counter","[NULL]","info","analysis",0
"hprof_string_counter","[NULL]","info","analysis",0
"incremental_state_cleared_missing_sequence_id","[NULL]","error","analysis",0
"instruments_row_missing_backtrace","[NULL]","error","analysis",0
"instruments_row_missing_frame","[NULL]","error","analysis",0
"instruments_row_missing_process","[NULL]","error","analysis",0
"instruments_row_missing_thread","[NULL]","error","analysis",0
"interned_data_missing_sequence_id","[NULL]","error","analysis",0
"interned_data_skipped_incremental_state_invalid","[NULL]","notice","analysis",0
"interned_data_tokenizer_errors","[NULL]","info","analysis",0
"invalid_clock_snapshots","[NULL]","error","analysis",0
"invalid_cpu_times","[NULL]","error","analysis",0
"jit_unknown_frame","[NULL]","data_loss","trace",0
"json_display_time_unit","[NULL]","info","trace",0
"json_parser_failure","[NULL]","error","trace",0
"json_tokenizer_failure","[NULL]","error","trace",0
"kernel_trackevent_format_error","[NULL]","error","analysis",0
"kernel_wakelock_implausibly_large_value_reported","[NULL]","info","trace",0
"kernel_wakelock_non_monotonic_value_reported","[NULL]","info","trace",0
"kernel_wakelock_reused_id","[NULL]","error","analysis",0
"kernel_wakelock_unknown_id","[NULL]","error","analysis",0
"kernel_wakelock_zero_value_reported","[NULL]","info","trace",0
"legacy_v8_cpu_profile_invalid_callsite","[NULL]","error","trace",0
"legacy_v8_cpu_profile_invalid_sample","[NULL]","error","trace",0
"mali_unknown_mcu_state_id","[NULL]","error","analysis",0
"meminfo_unknown_keys","[NULL]","error","analysis",0
"memory_snapshot_parser_failure","[NULL]","error","analysis",0
"metatrace_overruns","[NULL]","error","trace",0
"mismatched_sched_switch_tids","[NULL]","error","analysis",0
"misplaced_end_event","[NULL]","data_loss","analysis",0
"missing_disk_io_event_name","[NULL]","error","analysis",0
"mm_unknown_type","[NULL]","error","analysis",0
"namespaced_thread_missing_process","[NULL]","error","analysis",0
"network_trace_intern_errors","[NULL]","info","analysis",0
"network_trace_parse_errors","[NULL]","info","analysis",0
"ninja_parse_errors","[NULL]","error","trace",0
"packages_list_has_parse_errors","[NULL]","error","trace",0
"packages_list_has_read_errors","[NULL]","error","trace",0
"packet_skipped_seq_needs_incremental_state_invalid","[NULL]","notice","analysis",0
"parse_trace_duration_ns","[NULL]","info","analysis",86053800
"perf_aux_collision","[NULL]","data_loss","trace",0
"perf_aux_ignored","[NULL]","info","trace",0
"perf_aux_lost","[NULL]","data_loss","trace",0
"perf_aux_missing","[NULL]","data_loss","trace",0
"perf_aux_partial","[NULL]","data_loss","trace",0
"perf_aux_truncated","[NULL]","data_loss","trace",0
"perf_auxtrace_missing","[NULL]","data_loss","trace",0
"perf_dummy_mapping_used","[NULL]","info","analysis",0
"perf_no_tsc_data","[NULL]","info","trace",0
"perf_samples_cpu_mode_unknown","[NULL]","error","analysis",0
"perf_samples_skipped","[NULL]","error","analysis",0
"perf_samples_skipped_dataloss","[NULL]","data_loss","trace",0
"perf_text_importer_sample_no_frames","[NULL]","error","trace",0
"pixel_modem_negative_timestamp","[NULL]","error","analysis",0
"power_rail_empty_packet","[NULL]","error","analysis",0
"power_rail_unknown_index","[NULL]","error","trace",0
"previous_packet_dropped_missing_sequence_id","[NULL]","error","analysis",0
"primes_end_without_matching_begin","[NULL]","info","analysis",0
"primes_executor_not_found","[NULL]","data_loss","analysis",0
"primes_malformed_timestamp","[NULL]","data_loss","analysis",0
"primes_missing_entity_details","[NULL]","info","analysis",0
"primes_missing_parent_id","[NULL]","info","analysis",0
"primes_unknown_edge_type","[NULL]","data_loss","analysis",0
"proc_stat_unknown_counters","[NULL]","error","analysis",0
"process_tracker_errors","[NULL]","error","analysis",0
"process_tracker_parent_pid_changed","[NULL]","info","analysis",0
"protovm_abort","[NULL]","error","analysis",0
"protovm_registration_error","[NULL]","error","analysis",0
"psi_unknown_resource","[NULL]","error","analysis",0
"rss_stat_negative_size","[NULL]","info","analysis",0
"rss_stat_unknown_keys","[NULL]","error","analysis",0
"rss_stat_unknown_thread_for_mm_id","[NULL]","info","analysis",0
"simpleperf_missing_file_mapping","[NULL]","data_loss","trace",0
"slice_drop_overlapping_complete_event","[NULL]","error","analysis",0
"slice_max_depth_exceeded","[NULL]","error","analysis",0
"slice_negative_duration","[NULL]","error","analysis",0
"slice_spill_overlapping_complete_event","[NULL]","error","analysis",0
"smaps_parser_errors","[NULL]","error","trace",0
"sorter_push_event_out_of_order","[NULL]","error","trace",0
"spe_no_timestamp","[NULL]","info","trace",0
"stackprofile_empty_callstack","[NULL]","error","trace",0
"stackprofile_invalid_callstack_id","[NULL]","error","trace",0
"stackprofile_invalid_frame_id","[NULL]","error","trace",0
"stackprofile_invalid_mapping_id","[NULL]","error","trace",0
"stackprofile_invalid_string_id","[NULL]","error","trace",0
"stackprofile_parser_error","[NULL]","error","trace",0
"strace_missing_pid","[NULL]","error","trace",0
"strace_parse_failure","[NULL]","info","trace",0
"strace_unsupported_timestamp_format","[NULL]","error","trace",0
"streaming_profile_invalid_timestamp","[NULL]","error","analysis",0
"symbolization_tmp_build_id_not_found","[NULL]","error","analysis",0
"systemd_journal_num_failed","[NULL]","error","trace",0
"systemd_journal_num_total","[NULL]","info","trace",0
"systrace_parse_failure","[NULL]","error","analysis",0
"task_state_invalid","[NULL]","error","analysis",0
"thread_descriptor_missing_sequence_id","[NULL]","error","analysis",0
"thread_descriptor_skipped_incremental_state_invalid","[NULL]","notice","analysis",0
"thread_time_in_state_unknown_cpu_freq","[NULL]","error","analysis",0
"tokenizer_skipped_packets","[NULL]","info","analysis",0
"trace_packet_defaults_missing_sequence_id","[NULL]","error","analysis",0
"trace_sorter_negative_timestamp_dropped","[NULL]","error","trace",0
"traced_buf_abi_violations",0,"data_loss","trace",0
"traced_buf_buffer_size",0,"info","trace",33554432
"traced_buf_bytes_overwritten",0,"info","trace",0
"traced_buf_bytes_read",0,"info","trace",15728640
"traced_buf_bytes_written",0,"info","trace",15728640
"traced_buf_chunks_committed_out_of_order",0,"info","trace",0
"traced_buf_chunks_discarded",0,"info","trace",0
"traced_buf_chunks_overwritten",0,"info","trace",0
"traced_buf_chunks_read",0,"info","trace",480
"traced_buf_chunks_relocated",0,"info","trace",0
"traced_buf_chunks_rewritten",0,"info","trace",0
"traced_buf_chunks_written",0,"info","trace",480
"traced_buf_data_loss_chunk_corrupted",0,"data_loss","trace",0
"traced_buf_data_loss_orphan_continuation",0,"data_loss","trace",0
"traced_buf_data_loss_overwrite",0,"data_loss","trace",0
"traced_buf_data_loss_read_gap",0,"data_loss","trace",0
"traced_buf_data_loss_reassembly_broken_chain",0,"data_loss","trace",0
"traced_buf_data_loss_reassembly_gap",0,"data_loss","trace",0
"traced_buf_data_loss_smb_full",0,"data_loss","trace",0
"traced_buf_data_loss_writer_abort",0,"data_loss","trace",0
"traced_buf_incremental_sequences_dropped",0,"data_loss","analysis",0
"traced_buf_padding_bytes_cleared",0,"info","trace",0
"traced_buf_padding_bytes_written",0,"info","trace",0
"traced_buf_patches_failed",0,"data_loss","trace",0
"traced_buf_patches_succeeded",0,"info","trace",956
"traced_buf_readaheads_failed",0,"info","trace",0
"traced_buf_readaheads_succeeded",0,"info","trace",274
"traced_buf_sequence_packet_loss",0,"data_loss","analysis",0
"traced_buf_trace_writer_packet_loss",0,"data_loss","trace",0
"traced_buf_write_wrap_count",0,"info","trace",0
"traced_chunks_discarded","[NULL]","info","trace",1
"traced_clone_started_timestamp_ns","[NULL]","info","trace",0
"traced_clone_trigger_timestamp_ns","[NULL]","info","trace",0
"traced_data_sources_registered","[NULL]","info","trace",108
"traced_data_sources_seen","[NULL]","info","trace",12
"traced_final_flush_failed","[NULL]","data_loss","trace",0
"traced_final_flush_succeeded","[NULL]","info","trace",1
"traced_flushes_failed","[NULL]","data_loss","trace",0
"traced_flushes_requested","[NULL]","info","trace",21
"traced_flushes_succeeded","[NULL]","info","trace",21
"traced_patches_discarded","[NULL]","info","trace",0
"traced_producers_connected","[NULL]","info","trace",38
"traced_producers_seen","[NULL]","info","trace",598
"traced_total_buffers","[NULL]","info","trace",1
"traced_tracing_sessions","[NULL]","info","trace",1
"track_descriptor_conflicting_reservation","[NULL]","error","analysis",0
"track_descriptor_default_track_with_parent","[NULL]","error","analysis",0
"track_descriptor_invalid_child_ordering","[NULL]","error","analysis",0
"track_descriptor_missing_uuid","[NULL]","error","analysis",0
"track_descriptor_process_missing_pid","[NULL]","error","analysis",0
"track_descriptor_thread_missing_pid_tid","[NULL]","error","analysis",0
"track_event_counter_invalid_track_uuid","[NULL]","error","analysis",0
"track_event_counter_missing_track_uuid","[NULL]","error","analysis",0
"track_event_counter_missing_value","[NULL]","error","analysis",0
"track_event_dropped_packets_outside_of_range_of_interest","[NULL]","info","analysis",0
"track_event_extra_counter_exceeds_max","[NULL]","error","analysis",0
"track_event_extra_counter_invalid_track","[NULL]","error","analysis",0
"track_event_extra_counter_missing_track_uuids","[NULL]","error","analysis",0
"track_event_extra_counter_track_uuid_mismatch","[NULL]","error","analysis",0
"track_event_invalid_timestamp","[NULL]","error","analysis",0
"track_event_missing_sequence_id","[NULL]","error","analysis",0
"track_event_missing_timestamp","[NULL]","error","analysis",0
"track_event_parser_errors","[NULL]","info","analysis",0
"track_event_range_of_interest_missing_start_us","[NULL]","error","analysis",0
"track_event_skipped_thread_instruction_delta_without_valid_state","[NULL]","notice","analysis",0
"track_event_skipped_thread_time_delta_without_valid_state","[NULL]","notice","analysis",0
"track_event_skipped_timestamp_delta_without_valid_state","[NULL]","notice","analysis",0
"track_event_state_missing_track_uuid","[NULL]","error","analysis",0
"track_event_thread_invalid_end","[NULL]","error","trace",0
"track_event_tokenizer_errors","[NULL]","info","analysis",0
"track_event_track_hierarchy_loop","[NULL]","error","analysis",0
"track_event_track_hierarchy_too_deep","[NULL]","error","analysis",0
"track_hierarchy_missing_uuid","[NULL]","info","analysis",0
"truncated_sys_write_duration","[NULL]","info","analysis",0
"unknown_extension_fields","[NULL]","error","trace",0
"user_list_errors","[NULL]","error","trace",0
"v8_code_load_missing_code_range","[NULL]","error","analysis",0
"v8_intern_errors","[NULL]","data_loss","analysis",0
"v8_isolate_has_no_code_range","[NULL]","error","analysis",0
"v8_no_code_range","[NULL]","error","analysis",0
"v8_no_defaults","[NULL]","data_loss","analysis",0
"v8_unknown_code_type","[NULL]","error","analysis",0
"vmstat_unknown_keys","[NULL]","error","analysis",0
"vulkan_allocations_invalid_string_id","[NULL]","error","trace",0
"winscope_inputmethod_clients_parse_errors","[NULL]","error","analysis",0
"winscope_inputmethod_manager_service_parse_errors","[NULL]","error","analysis",0
"winscope_inputmethod_service_parse_errors","[NULL]","error","analysis",0
"winscope_protolog_group_tag_collision","[NULL]","info","analysis",0
"winscope_protolog_group_tag_missing","[NULL]","info","analysis",0
"winscope_protolog_invalid_interpolation_parse_errors","[NULL]","info","analysis",0
"winscope_protolog_message_collision","[NULL]","info","analysis",0
"winscope_protolog_message_collision_resolved","[NULL]","info","analysis",0
"winscope_protolog_message_decoding_failed","[NULL]","info","analysis",0
"winscope_protolog_missing_interned_arg_parse_errors","[NULL]","info","analysis",0
"winscope_protolog_missing_interned_stacktrace_parse_errors","[NULL]","info","analysis",0
"winscope_protolog_param_mismatch","[NULL]","info","analysis",0
"winscope_sf_layers_parse_errors","[NULL]","error","analysis",0
"winscope_sf_transactions_parse_errors","[NULL]","error","analysis",0
"winscope_shell_transitions_parse_errors","[NULL]","error","analysis",0
"winscope_viewcapture_missing_interned_string_parse_errors","[NULL]","error","analysis",0
"winscope_viewcapture_parse_errors","[NULL]","error","analysis",0
"winscope_windowmanager_parse_errors","[NULL]","error","analysis",0
